track,classe,confianca_media,quadro,tempo_s,linha,sentido
26,carro,0.516,1,0.03,rodovia-esq,Sul (↓)
30,carro,0.532,5,0.17,rodovia-esq,Sul (↓)
174,carro,0.612,11,0.37,rodovia-esq,Sul (↓)
173,carro,0.673,13,0.43,rodovia-dir,Norte (↑)
299,carro,0.561,41,1.37,rodovia-esq,Sul (↓)
571,carro,0.523,41,1.37,rodovia-esq,Sul (↓)
362,carro,0.564,54,1.8,rodovia-dir,Norte (↑)
534,carro,0.604,70,2.33,rodovia-dir,Norte (↑)
849,carro,0.525,85,2.83,rodovia-esq,Sul (↓)
1623,carro,0.563,93,3.1,rodovia-esq,Sul (↓)
1249,carro,0.497,94,3.13,rodovia-esq,Sul (↓)
1256,carro,0.611,97,3.23,rodovia-esq,Sul (↓)
677,carro,0.67,98,3.27,rodovia-dir,Norte (↑)
1737,carro,0.529,112,3.73,rodovia-dir,Norte (↑)
1089,carro,0.589,121,4.03,rodovia-esq,Sul (↓)
1409,carro,0.554,123,4.1,rodovia-esq,Sul (↓)
15,carro,0.627,139,4.63,viaduto,Oeste (←)
1673,carro,0.589,141,4.7,rodovia-dir,Norte (↑)
1793,carro,0.662,152,5.07,rodovia-esq,Sul (↓)
540,carro,0.593,153,5.1,viaduto,Leste (→)
2056,carro,0.525,170,5.67,rodovia-esq,Sul (↓)
2145,carro,0.626,171,5.7,rodovia-dir,Norte (↑)
2113,carro,0.61,180,6.0,rodovia-esq,Sul (↓)
2779,carro,0.556,188,6.27,rodovia-esq,Sul (↓)
2241,carro,0.639,197,6.57,rodovia-dir,Norte (↑)
2650,carro,0.469,214,7.13,rodovia-esq,Sul (↓)
3387,carro,0.577,223,7.43,rodovia-dir,Norte (↑)
